Path no.	a	b	c	E_P	R_P	I_P	E	crash	S	Length	No. pixel
1.0	0.3333333333333333	0.3333333333333333	0.3333333333333333	50.39493908288358	0.8242944686898149	60.44307524518081	75740.2538050301	0.27550383967054926	0.5277884746470249	719.589066429186	128.0
2.0	0.08333333333333333	0.08333333333333333	0.8333333333333334	58.132722074308155	3.3042436240766593	52.434032147684775	87369.62886380054	0.7281250263937635	0.605759156784325	816.4363176167702	133.0
3.0	0.08333333333333333	0.8333333333333334	0.08333333333333333	53.05846077760495	0.17883023960189434	60.60748668892393	79743.35040251995	0.06727109126148922	0.5373474298555425	763.4874103160442	131.0
4.0	0.047619047619047616	0.47619047619047616	0.47619047619047616	61.18664734806232	2.0867718962968316	52.55411234747862	91959.47616881094	0.5600582675887409	0.6350408864758429	866.8746365576462	144.0
5.0	0.8333333333333334	0.08333333333333333	0.08333333333333333	50.28022000639456	0.6694149355348011	60.97407451883191	75567.83863541819	0.2301318883178166	0.5236400428216257	719.589066429186	128.0
6.0	0.47619047619047616	0.047619047619047616	0.47619047619047616	54.301644179643084	3.238084341649919	54.42217605156475	81611.772670909	0.7199958529891027	0.5748267495971504	759.0613076116637	128.0
7.0	0.47619047619047616	0.47619047619047616	0.047619047619047616	50.15739261375296	0.4501919732150051	63.02050733890064	75383.23720396125	0.16110018603912568	0.5076522864148387	719.589066429186	128.0
