Path no.	a	b	c	E_P	R_P	I_P	E	crash	S	Length	No. pixel
1.0	0.3333333333333333	0.3333333333333333	0.3333333333333333	55.7721623556181	0.14404857622400502	42.64791586966709	83821.86403921242	0.054612364440105865	0.7118384062860332	795.1473658379472	148.0
2.0	0.08333333333333333	0.08333333333333333	0.8333333333333334	73.55578473629285	0.7730627574865242	36.43092834082199	110549.46996943964	0.26484726078804866	0.7976059536621001	1058.1407131488854	180.0
3.0	0.08333333333333333	0.8333333333333334	0.08333333333333333	56.19320487853931	0.03932457206257171	42.740384608222996	84454.66304897636	0.015183401939089847	0.7131517811528658	801.885698897071	149.0
4.0	0.047619047619047616	0.47619047619047616	0.47619047619047616	74.88090950280956	0.35462193905016476	36.47716271009995	112541.0446784444	0.13101442438054267	0.7995760290653849	1079.5118275036284	182.0
5.0	0.8333333333333334	0.08333333333333333	0.08333333333333333	53.183107586198936	0.12413649546794672	45.9423322563012	79930.68629558192	0.047282471267476534	0.66218873340955	757.7068344291861	136.0
6.0	0.47619047619047616	0.047619047619047616	0.47619047619047616	56.981620597089425	0.5965048675981789	40.99350945960032	85639.5996262118	0.21082433842894188	0.7050826657582712	813.4468506707881	139.0
7.0	0.47619047619047616	0.47619047619047616	0.047619047619047616	53.17762286925008	0.10870692964789663	46.03266333387688	79922.44312947606	0.04151529634595075	0.6615245343097288	757.7068344291861	136.0
