Path no.	a	b	c	E_P	R_P	I_P	E	crash	S	Length	No. pixel
1.0	0.3333333333333333	0.3333333333333333	0.3333333333333333	17.45329595486369	0.00142503469527233	50.0	26231.14720272902	0.0005536971854653849	0.019607843137254943	263.8930067686106	51.0
2.0	0.08333333333333333	0.08333333333333333	0.8333333333333334	61.03064324932204	0.01940735202778276	44.052524131232815	91725.01234668426	0.007523877858852557	0.7043454756293099	908.4607500897614	149.0
3.0	0.08333333333333333	0.8333333333333334	0.08333333333333333	17.45329595486369	0.00142503469527233	50.0	26231.14720272902	0.0005536971854653849	0.019607843137254943	263.8930067686106	51.0
4.0	0.047619047619047616	0.47619047619047616	0.47619047619047616	61.03064324932204	0.01940735202778276	44.052524131232815	91725.01234668426	0.007523877858852557	0.7043454756293099	908.4607500897614	149.0
5.0	0.8333333333333334	0.08333333333333333	0.08333333333333333	17.45329595486369	0.00142503469527233	50.0	26231.14720272902	0.0005536971854653849	0.019607843137254943	263.8930067686106	51.0
6.0	0.47619047619047616	0.047619047619047616	0.47619047619047616	17.45329595486369	0.00142503469527233	50.0	26231.14720272902	0.0005536971854653849	0.019607843137254943	263.8930067686106	51.0
7.0	0.47619047619047616	0.47619047619047616	0.047619047619047616	17.45329595486369	0.00142503469527233	50.0	26231.14720272902	0.0005536971854653849	0.019607843137254943	263.8930067686106	51.0
