Path no.	a	b	c	E_P	R_P	I_P	E	crash	S	Length	No. pixel
1.0	0.3333333333333333	0.3333333333333333	0.3333333333333333	31.601758808372185	0.21152541782885176	17.059931185096502	47495.34926304544	0.07971246112992647	0.7840515039861202	456.5135565423275	79.0
2.0	0.08333333333333333	0.08333333333333333	0.8333333333333334	34.73961605379671	0.215694442395902	15.543477308005095	52211.3407593647	0.08109366439392518	0.8213393412872978	502.5257727788231	87.0
3.0	0.08333333333333333	0.8333333333333334	0.08333333333333333	31.75578921072184	0.053837799266259506	17.586233641952276	47726.846750292454	0.020749621806254948	0.7801720794755965	459.30466548320356	80.0
4.0	0.047619047619047616	0.47619047619047616	0.47619047619047616	35.14501229996012	0.13362751381402088	15.543477308005095	52820.62445202923	0.05097046811360295	0.8233695760453966	509.26410583794706	88.0
5.0	0.8333333333333334	0.08333333333333333	0.08333333333333333	24.83771362937154	0.0019370429907272955	40.50043323717546	37329.43760744026	0.0007525631588993775	0.4044053935709492	358.70854818247795	68.0
6.0	0.47619047619047616	0.047619047619047616	0.47619047619047616	31.601758808372185	0.21152541782885176	17.059931185096502	47495.34926304544	0.07971246112992647	0.7840515039861202	456.5135565423275	79.0
7.0	0.47619047619047616	0.47619047619047616	0.047619047619047616	24.83771362937154	0.0019370429907272955	40.50043323717546	37329.43760744026	0.0007525631588993775	0.4044053935709492	358.70854818247795	68.0
