Path no.	a	b	c	E_P	R_P	I_P	E	crash	S	Length	No. pixel
1.0	0.3333333333333333	0.3333333333333333	0.3333333333333333	30.528557706786323	0.002457434990643594	45.10770083109793	45882.39912763077	0.0009546454912123803	0.3556042738414581	455.0769207839295	70.0
2.0	0.08333333333333333	0.08333333333333333	0.8333333333333334	37.64212272590095	0.0030209027438658697	38.916041362580756	56573.61594049761	0.0011734085169793351	0.5627411082856095	559.421904197797	89.0
3.0	0.08333333333333333	0.8333333333333334	0.08333333333333333	30.528557706786323	0.002457434990643594	45.10770083109793	45882.39912763077	0.0009546454912123803	0.3556042738414581	455.0769207839295	70.0
4.0	0.047619047619047616	0.47619047619047616	0.47619047619047616	37.64212272590095	0.0030209027438658697	38.916041362580756	56573.61594049761	0.0011734085169793351	0.5627411082856095	559.421904197797	89.0
5.0	0.8333333333333334	0.08333333333333333	0.08333333333333333	22.325764272511762	0.001796666408524569	68.99650080432514	33554.14418916602	0.0006980440165200719	0.014335702795355232	332.71297311824776	70.0
6.0	0.47619047619047616	0.047619047619047616	0.47619047619047616	30.528557706786323	0.002457434990643594	45.10770083109793	45882.39912763077	0.0009546454912123803	0.3556042738414581	455.0769207839295	70.0
7.0	0.47619047619047616	0.47619047619047616	0.047619047619047616	22.325764272511762	0.001796666408524569	68.99650080432514	33554.14418916602	0.0006980440165200719	0.014335702795355232	332.71297311824776	70.0
