Path no.	a	b	c	E_P	R_P	I_P	E	crash	S	Length	No. pixel
1.0	0.3333333333333333	0.3333333333333333	0.3333333333333333	45.85392681574588	0.13410133065178817	23.09649014546204	68915.41329715494	0.051046299595688294	0.8091199161532063	690.1832435474338	121.0
2.0	0.08333333333333333	0.08333333333333333	0.8333333333333334	47.24399273739731	0.09130786761113885	22.29108055009175	71004.59025872333	0.03505146053405772	0.8187717028447825	711.5543579021772	123.0
3.0	0.08333333333333333	0.8333333333333334	0.08333333333333333	46.57416135816246	0.01368490852202673	23.034216762321478	69997.87808497943	0.005309021068183539	0.8096345722122191	702.0249159021772	121.0
4.0	0.047619047619047616	0.47619047619047616	0.47619047619047616	47.72766737078871	0.033006565940798115	22.29108055009175	71731.52117993882	0.012784209713771921	0.8187717028447825	719.4488061386727	123.0
5.0	0.8333333333333334	0.08333333333333333	0.08333333333333333	43.9102161299294	0.0035814717859665645	27.69641341342259	65994.14494468876	0.001390998218667061	0.7632785178339949	663.2299113109381	117.0
6.0	0.47619047619047616	0.047619047619047616	0.47619047619047616	45.85392681574588	0.13410133065178817	23.09649014546204	68915.41329715494	0.051046299595688294	0.8091199161532063	690.1832435474338	121.0
7.0	0.47619047619047616	0.47619047619047616	0.047619047619047616	43.9102161299294	0.0035814717859665645	27.69641341342259	65994.14494468876	0.001390998218667061	0.7632785178339949	663.2299113109381	117.0
